{
    "layer_idx": 8,
    "total_sentences": 856,
    "perturbed_sentences": 856,
    "perturbation_method": "orthogonal_projection",
    "random_seed": 42,
    "n_folds": 20,
    "normal_cls_accuracy": {
        "mean": 0.8949612403100774,
        "std": 0.07141399750021571,
        "fold_accuracies": [
            0.7209302325581395,
            0.7441860465116279,
            0.8837209302325582,
            0.9534883720930233,
            0.9534883720930233,
            0.9767441860465116,
            0.9069767441860465,
            0.9302325581395349,
            0.8837209302325582,
            0.9069767441860465,
            0.9767441860465116,
            0.7674418604651163,
            0.9302325581395349,
            0.8604651162790697,
            0.9534883720930233,
            0.8837209302325582,
            0.9285714285714286,
            0.9523809523809523,
            0.9047619047619048,
            0.8809523809523809
        ]
    },
    "perturbed_cls_accuracy": {
        "mean": 0.05944075304540421,
        "std": 0.03781204902293579,
        "fold_accuracies": [
            0.06976744186046512,
            0.09302325581395349,
            0.06976744186046512,
            0.046511627906976744,
            0.046511627906976744,
            0.046511627906976744,
            0.023255813953488372,
            0.06976744186046512,
            0.09302325581395349,
            0.16279069767441862,
            0.046511627906976744,
            0.11627906976744186,
            0.023255813953488372,
            0.09302325581395349,
            0.023255813953488372,
            0.046511627906976744,
            0.0,
            0.023809523809523808,
            0.023809523809523808,
            0.07142857142857142
        ]
    },
    "random_perturbed_cls_accuracy": {
        "mean": 0.8305924695459581,
        "std": 0.0714610730265141,
        "fold_accuracies": [
            0.7209302325581395,
            0.7906976744186046,
            0.7906976744186046,
            0.8837209302325582,
            0.8837209302325582,
            0.9069767441860465,
            0.8372093023255814,
            0.7906976744186046,
            0.8372093023255814,
            0.7674418604651163,
            1.0,
            0.6744186046511628,
            0.8604651162790697,
            0.8837209302325582,
            0.813953488372093,
            0.8604651162790697,
            0.8809523809523809,
            0.8333333333333334,
            0.7380952380952381,
            0.8571428571428571
        ]
    },
    "specific_perturbation_effect": 0.8355204872646732,
    "random_perturbation_effect": 0.06436877076411929,
    "specific_vs_random_difference": 0.7711517165005539
}